<?xml version="1.0" encoding="UTF-8" ?>
<!-- This is a WordPress eXtended RSS file generated by WordPress as an export of your site. -->
<!-- It contains information about your site's posts, pages, comments, categories, and other content. -->
<!-- You may use this file to transfer that content from one site to another. -->
<!-- This file is not intended to serve as a complete backup of your site. -->

<!-- To import this information into a WordPress site follow these steps: -->
<!-- 1. Log in to that site as an administrator. -->
<!-- 2. Go to Tools: Import in the WordPress admin panel. -->
<!-- 3. Install the "WordPress" importer from the list. -->
<!-- 4. Activate & Run Importer. -->
<!-- 5. Upload this file using the form provided on that page. -->
<!-- 6. You will first be asked to map the authors in this export file to users -->
<!--    on the site. For each author, you may choose to map to an -->
<!--    existing user on the site or to create a new user. -->
<!-- 7. WordPress will then import each of the posts, pages, comments, categories, etc. -->
<!--    contained in this file into your site. -->

<!-- generator="WordPress/4.9.1" created="2018-01-25 08:08" -->
<rss version="2.0"
	xmlns:excerpt="http://wordpress.org/export/1.2/excerpt/"
	xmlns:content="http://purl.org/rss/1.0/modules/content/"
	xmlns:wfw="http://wellformedweb.org/CommentAPI/"
	xmlns:dc="http://purl.org/dc/elements/1.1/"
	xmlns:wp="http://wordpress.org/export/1.2/"
>

<channel>
	<title>web kak kak</title>
	<link>http://localhost:8000</link>
	<description>แค่เว็บเวิร์ดเพรสเว็บหนึ่ง</description>
	<pubDate>Thu, 25 Jan 2018 08:08:36 +0000</pubDate>
	<language>th</language>
	<wp:wxr_version>1.2</wp:wxr_version>
	<wp:base_site_url>http://localhost:8000</wp:base_site_url>
	<wp:base_blog_url>http://localhost:8000</wp:base_blog_url>

	<wp:author><wp:author_id>1</wp:author_id><wp:author_login><![CDATA[s5835512100]]></wp:author_login><wp:author_email><![CDATA[tickstudiu@gmail.com]]></wp:author_email><wp:author_display_name><![CDATA[s5835512100]]></wp:author_display_name><wp:author_first_name><![CDATA[]]></wp:author_first_name><wp:author_last_name><![CDATA[]]></wp:author_last_name></wp:author>

	<wp:category>
		<wp:term_id>2</wp:term_id>
		<wp:category_nicename><![CDATA[movie]]></wp:category_nicename>
		<wp:category_parent><![CDATA[]]></wp:category_parent>
		<wp:cat_name><![CDATA[Movie]]></wp:cat_name>
	</wp:category>
	<wp:category>
		<wp:term_id>1</wp:term_id>
		<wp:category_nicename><![CDATA[%e0%b9%84%e0%b8%a1%e0%b9%88%e0%b8%a1%e0%b8%b5%e0%b8%ab%e0%b8%a1%e0%b8%a7%e0%b8%94%e0%b8%ab%e0%b8%a1%e0%b8%b9%e0%b9%88]]></wp:category_nicename>
		<wp:category_parent><![CDATA[]]></wp:category_parent>
		<wp:cat_name><![CDATA[ไม่มีหมวดหมู่]]></wp:cat_name>
	</wp:category>
	<wp:term>
		<wp:term_id><![CDATA[2]]></wp:term_id>
		<wp:term_taxonomy><![CDATA[category]]></wp:term_taxonomy>
		<wp:term_slug><![CDATA[movie]]></wp:term_slug>
		<wp:term_parent><![CDATA[]]></wp:term_parent>
		<wp:term_name><![CDATA[Movie]]></wp:term_name>
	</wp:term>
	<wp:term>
		<wp:term_id><![CDATA[3]]></wp:term_id>
		<wp:term_taxonomy><![CDATA[post_format]]></wp:term_taxonomy>
		<wp:term_slug><![CDATA[post-format-aside]]></wp:term_slug>
		<wp:term_parent><![CDATA[]]></wp:term_parent>
		<wp:term_name><![CDATA[post-format-aside]]></wp:term_name>
	</wp:term>
	<wp:term>
		<wp:term_id><![CDATA[1]]></wp:term_id>
		<wp:term_taxonomy><![CDATA[category]]></wp:term_taxonomy>
		<wp:term_slug><![CDATA[%e0%b9%84%e0%b8%a1%e0%b9%88%e0%b8%a1%e0%b8%b5%e0%b8%ab%e0%b8%a1%e0%b8%a7%e0%b8%94%e0%b8%ab%e0%b8%a1%e0%b8%b9%e0%b9%88]]></wp:term_slug>
		<wp:term_parent><![CDATA[]]></wp:term_parent>
		<wp:term_name><![CDATA[ไม่มีหมวดหมู่]]></wp:term_name>
	</wp:term>

	<generator>https://wordpress.org/?v=4.9.1</generator>

	<item>
		<title>สวัสดีชาวโลก - -&#039;</title>
		<link>http://localhost:8000/?p=1</link>
		<pubDate>Thu, 25 Jan 2018 07:50:15 +0000</pubDate>
		<dc:creator><![CDATA[s5835512100]]></dc:creator>
		<guid isPermaLink="false">http://localhost:8000/?p=1</guid>
		<description></description>
		<content:encoded><![CDATA[ยินดีต้อนรับสู่เวิร์ดเพรส  นี่เป็นเรื่องแรกของคุณ  คุณสามารถแก้ไขหรือลบมันได้  แล้วเริ่มการเขียน]]></content:encoded>
		<excerpt:encoded><![CDATA[]]></excerpt:encoded>
		<wp:post_id>1</wp:post_id>
		<wp:post_date><![CDATA[2018-01-25 07:50:15]]></wp:post_date>
		<wp:post_date_gmt><![CDATA[2018-01-25 07:50:15]]></wp:post_date_gmt>
		<wp:comment_status><![CDATA[open]]></wp:comment_status>
		<wp:ping_status><![CDATA[open]]></wp:ping_status>
		<wp:post_name><![CDATA[hello-world]]></wp:post_name>
		<wp:status><![CDATA[publish]]></wp:status>
		<wp:post_parent>0</wp:post_parent>
		<wp:menu_order>0</wp:menu_order>
		<wp:post_type><![CDATA[post]]></wp:post_type>
		<wp:post_password><![CDATA[]]></wp:post_password>
		<wp:is_sticky>0</wp:is_sticky>
		<category domain="category" nicename="%e0%b9%84%e0%b8%a1%e0%b9%88%e0%b8%a1%e0%b8%b5%e0%b8%ab%e0%b8%a1%e0%b8%a7%e0%b8%94%e0%b8%ab%e0%b8%a1%e0%b8%b9%e0%b9%88"><![CDATA[ไม่มีหมวดหมู่]]></category>
		<wp:comment>
			<wp:comment_id>1</wp:comment_id>
			<wp:comment_author><![CDATA[ผู้แสดงความเห็นเวิร์ดเพรส]]></wp:comment_author>
			<wp:comment_author_email><![CDATA[wapuu@wordpress.example]]></wp:comment_author_email>
			<wp:comment_author_url>https://wordpress.org/</wp:comment_author_url>
			<wp:comment_author_IP><![CDATA[]]></wp:comment_author_IP>
			<wp:comment_date><![CDATA[2018-01-25 07:50:15]]></wp:comment_date>
			<wp:comment_date_gmt><![CDATA[2018-01-25 07:50:15]]></wp:comment_date_gmt>
			<wp:comment_content><![CDATA[สวัสดี  นี่คือความเห็น
เพื่อเริ่มการจัดการ  การแก้ไขและลบความเห็น  โปรดเข้าไปที่หน้าจอความเห็นในหน้าควบคุม
รูปประจำตัวผู้แสดงความเห็นมาจาก <a href="https://gravatar.com">Gravatar</a>]]></wp:comment_content>
			<wp:comment_approved><![CDATA[1]]></wp:comment_approved>
			<wp:comment_type><![CDATA[]]></wp:comment_type>
			<wp:comment_parent>0</wp:comment_parent>
			<wp:comment_user_id>0</wp:comment_user_id>
		</wp:comment>
	</item>
	<item>
		<title>หน้าตัวอย่าง</title>
		<link>http://localhost:8000/?page_id=2</link>
		<pubDate>Thu, 25 Jan 2018 07:50:15 +0000</pubDate>
		<dc:creator><![CDATA[s5835512100]]></dc:creator>
		<guid isPermaLink="false">http://localhost:8000/?page_id=2</guid>
		<description></description>
		<content:encoded><![CDATA[นี่เป็นหน้าตัวอย่าง  มันแตกต่างจากเรื่องในบล็อก  เพราะว่ามันจะอยู่ในที่ที่นึงและจะแสดงในแถบเมนูของเว็บคุณ (ใน theme ส่วนใหญ่)  ผู้คนส่วนมากมักจะเขียนหน้าเกี่ยวกับตัวเองเพื่อแนะนำตัวเองให้ผู้เยี่ยมชมเว็บได้รู้  ซึ่งหน้าก็มีการใช้งานแบบนี้:

<blockquote>สวัสดีครับ  ผมเป็นหนุ่มออฟฟิซตอนกลางวัน  แต่ยามราตรีผมเป็นนักดนตรี  นี่คือบล็อกของผม  ผมอยู่ในกรุงเทพ  โสด T_T  ชอบสังสรรค์เฮฮา  อ่านหนังสือและเดินป่า  ยินดีที่ได้รู้จักคุณครับ</blockquote>

...หรือบางอย่างเช่น:

<blockquote>บริษัท กขค โปรดักชั่นก่อตั้งในปี 2540 ท่ามกลางวิกฤตเศรษฐกิจการเงิน  บริษัทเราได้เติบโตและเป็นหนึ่งในบริษัทก่อสร้างชั้นนึงของเมืองไทย   ปัจจุบันเรามีพนักงานที่คอยดูแลลูกค้าของเรากว่า 200 คน  ที่พร้อมจะสร้างบริการที่ดี  และทำให้ลูกค้าของเราประทับใจ</blockquote>

ในฐานะผู้ใช้เวิร์ดเพรสใหม่  คุณควรจะไปที่ <a href="http://localhost:8000/wp-admin/">หน้าควบคุมของคุณ</a> เพื่อลบหน้านี้และสร้างหน้าใหม่สำหรับเรื่องของคุณ  ขอให้มีความสุขกับการสร้างเว็บ]]></content:encoded>
		<excerpt:encoded><![CDATA[]]></excerpt:encoded>
		<wp:post_id>2</wp:post_id>
		<wp:post_date><![CDATA[2018-01-25 07:50:15]]></wp:post_date>
		<wp:post_date_gmt><![CDATA[2018-01-25 07:50:15]]></wp:post_date_gmt>
		<wp:comment_status><![CDATA[closed]]></wp:comment_status>
		<wp:ping_status><![CDATA[open]]></wp:ping_status>
		<wp:post_name><![CDATA[sample-page]]></wp:post_name>
		<wp:status><![CDATA[publish]]></wp:status>
		<wp:post_parent>0</wp:post_parent>
		<wp:menu_order>0</wp:menu_order>
		<wp:post_type><![CDATA[page]]></wp:post_type>
		<wp:post_password><![CDATA[]]></wp:post_password>
		<wp:is_sticky>0</wp:is_sticky>
		<wp:postmeta>
			<wp:meta_key><![CDATA[_wp_page_template]]></wp:meta_key>
			<wp:meta_value><![CDATA[default]]></wp:meta_value>
		</wp:postmeta>
	</item>
	<item>
		<title>สมชื่อโปรเจค! เมื่อเหล่าบุคลากรชื่อดังเข้าร่วมโปรเจคเกม Avengers!</title>
		<link>http://localhost:8000/?p=14</link>
		<pubDate>Thu, 25 Jan 2018 08:02:20 +0000</pubDate>
		<dc:creator><![CDATA[s5835512100]]></dc:creator>
		<guid isPermaLink="false">http://localhost:8000/?p=14</guid>
		<description></description>
		<content:encoded><![CDATA[<b>Square Enix</b><b> และ </b><b>Marvel</b> กำลังร่วมมือกันพัฒนาเกมใหม่ โดยใช้ทีมซูเปอร์ฮีโร่อย่าง <b>Avengers</b> มาเป็นเกม ซึ่งทีมพัฒนานั้นก็คือ Crystal Dynamics นั่นเอง

ล่าสุดก็มีข่าวออกมาคือการได้บุคลากรที่มีชื่อเสียง และฝีมือเข้ามาร่วมพัฒนาด้วย มีทั้งบุคคลจาก <b>Naughty Dogs ผู้สร้าง Uncharted และ Visceral Studios</b>

ที่โดน EA สั่งปิดไปเมื่อช่วงปลายปีที่ผ่านมา เข้ามาร่วมแจมโปรเจคท์อเวนเจอร์นี้ด้วย

<iframe id="yui-gen0" class="restrain" title="YouTube video player" src="http://www.youtube.com/embed/rq_V6WHSmQs?wmode=opaque" width="640" height="390" frameborder="0"></iframe>

เริ่มจาก <strong>Shaun Escayg</strong> ซึ่งเคยเป็นถึงอดีตผู้กำกับฝ่ายสร้างสรรค์จากทีม <strong>Naughty Dogs</strong> มีผลงานเด่นๆอย่าง <strong>Uncharted : The Lost Legacy</strong> รวมไปถึงยังเคย

มีส่วนร่วมนิดๆหน่อยๆกับ <strong>The Last of Us</strong> ด้วย โดย <strong>Shaun</strong> จะเข้ามาร่วมทำงานกับเกม <strong>Avengers</strong> ในฝ่ายผู้กำกับฝ่ายสร้างสรรค์

ต่อด้วย <strong>Stephen Barry</strong> ที่มานั่งตำแหน่งผู้อำนวยการฝ่ายผลิตของโปรเจคท์เกมนี้ ซึ่งตัวเขาเองเคยเป็นผู้อำนวยการฝ่ายผลิตของ <strong>Visceral Games</strong> ที่โดนสั่งปิดไป

เมื่อช่วงปลายปีที่ผ่านมา ผลงานเด่นๆก็คือ <strong>Dead Space</strong> นั่นเอง

นอกจากที่กล่าวมาสองคนนี้แล้ว ยังมีบุคลากรคนอื่นอีก 13 คนด้วยกันที่ได้รับการบรรจุเข้ามาทำงานใน <strong>Crystal Dynamics</strong> ในเดือนนี้

<img src="http://www.playulti.com/static/thumb/2018/0/24/attach-1516812027345.jpg" alt="" border="0" />

น่าสนใจจริงๆครับสำหรับโปรเจคท์นี้ เรียกได้ว่าฟอร์มทีมอเวนเจอร์เพื่อสร้างเกมอเวนเจอร์กันเลยทีเดียว อย่าลืมว่าโปรเจคท์นี้ <strong>Marvel Entertainment</strong> ลงมาควบคุมดูแลงานสร้างเองด้วย

ทั้งหัวเรือใหญ่คือ <strong>Square Enix</strong> และ <strong>Eidos Montreal</strong> จัดว่าเป็นโปรเจคท์ที่น่าจับตาดูที่สุดแล้ว

สำหรับเกมของ <strong>Marvel</strong> และตัวอย่างแรกก็ปล่อยออกมาตั้งแต่ช่วงมกราคมปีที่แล้ว เรียกได้ว่าเป็นโปรเจคท์ที่พัฒนากันยาวนานจริงๆครับ

<img src="http://www.playulti.com/static/thumb/2018/0/24/attach-1516812057773.jpg" alt="" border="0" />
<p style="text-align: right;"><span style="font-size: large;">CREDIT BY <a href="http://www.playulti.com/content/page/5a68b7310afef621132d22b2//" target="_blank" rel="noopener">PLAYULTI</a></span></p>]]></content:encoded>
		<excerpt:encoded><![CDATA[]]></excerpt:encoded>
		<wp:post_id>14</wp:post_id>
		<wp:post_date><![CDATA[2018-01-25 08:02:20]]></wp:post_date>
		<wp:post_date_gmt><![CDATA[2018-01-25 08:02:20]]></wp:post_date_gmt>
		<wp:comment_status><![CDATA[open]]></wp:comment_status>
		<wp:ping_status><![CDATA[open]]></wp:ping_status>
		<wp:post_name><![CDATA[%e0%b8%aa%e0%b8%a1%e0%b8%8a%e0%b8%b7%e0%b9%88%e0%b8%ad%e0%b9%82%e0%b8%9b%e0%b8%a3%e0%b9%80%e0%b8%88%e0%b8%84-%e0%b9%80%e0%b8%a1%e0%b8%b7%e0%b9%88%e0%b8%ad%e0%b9%80%e0%b8%ab%e0%b8%a5%e0%b9%88%e0%b8%b2]]></wp:post_name>
		<wp:status><![CDATA[publish]]></wp:status>
		<wp:post_parent>0</wp:post_parent>
		<wp:menu_order>0</wp:menu_order>
		<wp:post_type><![CDATA[post]]></wp:post_type>
		<wp:post_password><![CDATA[]]></wp:post_password>
		<wp:is_sticky>0</wp:is_sticky>
		<category domain="category" nicename="movie"><![CDATA[Movie]]></category>
		<category domain="post_format" nicename="post-format-aside"><![CDATA[เนื้อเรื่องย่อ]]></category>
		<wp:postmeta>
			<wp:meta_key><![CDATA[_edit_last]]></wp:meta_key>
			<wp:meta_value><![CDATA[1]]></wp:meta_value>
		</wp:postmeta>
		<wp:postmeta>
			<wp:meta_key><![CDATA[_pingme]]></wp:meta_key>
			<wp:meta_value><![CDATA[1]]></wp:meta_value>
		</wp:postmeta>
		<wp:postmeta>
			<wp:meta_key><![CDATA[_encloseme]]></wp:meta_key>
			<wp:meta_value><![CDATA[1]]></wp:meta_value>
		</wp:postmeta>
		<wp:postmeta>
			<wp:meta_key><![CDATA[_pingme]]></wp:meta_key>
			<wp:meta_value><![CDATA[1]]></wp:meta_value>
		</wp:postmeta>
		<wp:postmeta>
			<wp:meta_key><![CDATA[_encloseme]]></wp:meta_key>
			<wp:meta_value><![CDATA[1]]></wp:meta_value>
		</wp:postmeta>
	</item>
</channel>
</rss>
